key,key:project,code,moment,provider-name,customer-name,goals,budget,key:client,isDraft
contract-01,project-02,AGT-443,2021/12/03 23:00,Juan Perez,Sergio Ramos,Ganar 3 millones,EUR 15.00,client-01,1
contract-02,project-02,JPK-957,2021/10/14 08:00,Leon San,Ilia Topuria,Ganar 4 millones,USD 100.00,client-02,1
contract-03,project-02,LNM-161,2022/03/16 19:00,Bondercito,Pedro Sanchez,Ganar 5 millones,USD 100.00,client-01,1
contract-04,project-02,PUT-822,2022/01/14 10:00,Padre Bonder,Uwu,Ganar 6 millones,EUR 100.00,client-02,1
contract-05,project-02,BHT-201,2021/09/21 14:00,Maria Lopez,Antonio Garcia,Lorem Ipsum,EUR 5.00,client-01,1
contract-06,project-02,CTK-301,2021/08/15 11:30,Jose Martinez,Luisa Fernandez,국민경제의 발전을,EUR 5.00,client-02,1
contract-07,project-02,DTL-451,2021/07/10 09:45,Laura Gomez,Esteban Ortiz,Lorem ipsum,EUR 5.00,client-01,1
contract-08,project-02,EKM-561,2021/06/08 16:00,국민경제의 발전을,Manuel Rodriguez,Ganar 4 millones,EUR 5.00,client-02,1
contract-09,project-02,FJL-671,2021/05/12 13:20,Lucia Hernandez,Pablo Gonzalez,Ganar 5 millones,EUR 5.00,client-01,1
contract-10,project-02,GLP-781,2021/04/20 10:10,Pedro Ramirez,Carmen Diaz,Ganar 6 millones,EUR 5.00,client-02,1
contract-11,project-02,HMQ-891,2021/03/18 08:00,Angela Sanchez,العظمى واعتلاء,Ganar 7 millones,EUR 5.00,client-01,1
contract-12,project-02,IMR-901,2021/02/14 19:30,Roberto Gomez,Marta Lopez,'' or 'A'='A,EUR 5.00,client-02,1
contract-13,project-02,JOL-011,2021/01/10 11:00,العظمى واعتلاء,Jaime Martinez,Ganar 9 millones,EUR 5.00,client-01,1
contract-14,project-02,KPS-121,2020/12/05 15:45,'' or 'A'='A,국민경제의 발전을,Ganar 10 millones,EUR 5.00,client-02,1
contract-15,project-02,LMN-231,2020/11/02 17:15,Ana Torres,Jorge Mendoza,Ganar 11 millones,EUR 5.00,client-01,1